{
  "development": {
    "username": "postgres",
    "password": "123",
    "database": "ayscan",
    "host": "localhost",
    "dialect": "postgres",
    "operatorsAliases": false
  },
  "test": {
    "username": "postgres",
    "password": "123",
    "database": "ayscan",
    "host": "localhost",
    "dialect": "postgres",
    "operatorsAliases": false
  },
  "production": {
    "username": "postgres",
    "password": "123",
    "database": "ayscan",
    "host": "localhost",
    "dialect": "postgres",
    "operatorsAliases": false
  }
}
